/index /index.html 200
/arts /arts.html 200
/about /about.html 200
/music /music.html 200
/comms /comms.html 200
/goals /goals.html 200
/donations /donations.html 200

/en_index /index_en.html 200
/en_arts /arts_en.html 200
/en_about /about_en.html 200
/en_music /music_en.html 200
/en_comms /comms_en.html 200
/en_goals /goals_en.html 200
/en_donations /donations_en.html 200
